rbd,temp_2021,temp_2030_rcp45,temp_2030_rcp85
1,15.54473972,16.23707901,18.16606537
2,15.46383095,16.20037639,18.11275048
3,15.465662,16.21711886,18.02106367
4,15.45617294,16.2081597,17.95137595
5,15.33458996,16.21253958,17.90521459
6,15.19171143,16.23081528,17.86532998
7,15.06475544,16.23481475,17.81549746
8,14.99379826,16.25934626,17.77297038
9,14.83586597,16.3007898,17.67233708
10,14.71373749,16.30226189,17.58796279
11,14.85321999,16.28022623,17.5650617
12,15.05128956,16.25005204,17.54783161
13,14.97910595,16.22370369,17.53197057
14,14.41859531,16.18702088,17.53286126
15,14.23868465,16.15824547,17.51030704
16,14.40244389,16.15752617,17.46443212
17,14.47866726,16.14977874,17.379141
18,13.919384,16.13678925,17.23644855
19,13.92890644,16.09340587,17.08389769
20,13.96867085,16.06981626,16.99228271
21,14.23792362,16.07308661,16.9576916
22,14.4327755,16.06933963,16.90749455
23,14.49189758,16.07910968,16.8733266
24,14.35191822,16.06943033,16.7940475
25,14.03087521,16.06372281,16.71600556
26,13.98199844,16.08963289,16.66274555
27,13.71916103,16.08889443,16.63214176
28,13.56734467,16.0632666,16.59937386
29,13.3223238,16.03635964,16.58473651
30,13.4350071,16.0024647,16.55916354
31,13.63580704,15.99593503,16.53839227
32,13.80224133,15.98330873,16.52476512
33,13.9546833,15.96109676,16.4960193
34,14.02890491,15.94137892,16.43866647
35,14.00211048,15.9164201,16.40399732
36,14.00283146,15.86143451,16.35634729
37,13.94832897,15.82006303,16.29426769
38,13.90188408,15.77768235,16.22667018
39,13.91471672,15.73465841,16.18650113
40,13.95296574,15.71318359,16.13029179
41,13.93282986,15.68823573,16.07541825
42,13.97164249,15.6728921,16.07616834
43,13.71590805,15.62843146,16.07442035
44,13.05286503,15.58309982,16.05937455
45,12.81732845,15.5435193,16.06057139
46,12.66000652,15.49197204,16.023985
47,12.57283783,15.44403049,15.99212034
48,12.4760437,15.40148782,15.97575635
49,12.44302464,15.3393563,15.97441828
50,12.4429369,15.31994119,15.92540106
51,12.49111271,15.30082838,15.84993876
52,12.56260014,15.28825108,15.8209941
53,12.68441963,15.26026933,15.80286777
54,12.84109974,15.2692388,15.79253393
55,12.97044754,15.25457922,15.76210248
56,13.07652569,15.25592768,15.69478008
57,13.19374275,15.27518851,15.62908152
58,13.30494404,15.2982575,15.56052537
59,13.40301228,15.32649488,15.52054699
60,13.58336353,15.34135852,15.51760901
61,13.70728874,15.34471586,15.56687437
62,13.80889797,15.36176856,15.5983292
63,13.88559532,15.4200295,15.61513462
64,13.92270374,15.48321942,15.64920829
65,13.96593571,15.5317713,15.70282368
66,13.97242451,15.63114586,15.76273227
67,14.0341692,15.7194105,15.74161218
68,13.73599625,15.78700451,15.69631267
69,13.54079437,15.85164159,15.63565555
70,13.90092564,15.85335623,15.60815961
71,13.70739746,15.86221034,15.5473711
72,13.73293591,15.89838001,15.52172814
73,13.72415829,15.921322,15.44656143
74,13.68656826,15.97280697,15.41063075
75,13.69643116,16.12573771,15.3763897
76,13.69491196,16.16531828,15.34228188
77,13.64139271,16.18349378,15.34249413
78,13.56600952,16.19445345,15.3858104
79,13.20484161,16.21319795,15.41172768
80,13.00950813,16.2718026,15.43556855
81,13.33650017,16.32337037,15.47638393
82,13.54212093,16.32221311,15.49597485
83,13.27405453,16.32321238,15.53134105
84,13.21565437,16.27197228,15.54270687
85,13.26494694,16.20846373,15.53011311
86,13.34593201,16.16927014,15.5653207
87,13.42064667,16.06019179,15.57049018
88,13.5539093,15.96399514,15.53214384
89,13.66618252,15.9175588,15.46044602
90,13.79680061,15.82138436,15.43812307
91,13.90993595,15.80431117,15.40040122
92,14.01945877,15.8011987,15.46990886
93,14.14413548,15.74643403,15.52467197
94,14.26633739,15.69994323,15.51485315
95,14.33870411,15.7209287,15.49644645
96,14.09207249,15.7237689,15.56870268
97,13.88032818,15.687516,15.68920798
98,13.84176826,15.64791624,15.8055618
99,13.79690266,15.69957981,15.953448
100,13.78616428,15.77892095,16.05405483
101,13.72407341,15.8576394,16.16028359
102,13.76156044,15.9347301,16.24516667
103,13.84969902,15.90645353,16.25768437
104,13.98004913,15.98684341,16.21183671
105,14.13777351,16.06352878,16.22545339
106,14.17043591,15.95471861,16.22833907
107,14.1589365,15.99366525,16.26520226
108,14.16785622,16.15409437,16.42025637
109,14.20646763,16.26445075,16.47700542
110,14.25857735,16.37245239,16.44103657
111,14.36216736,16.48099753,16.32265973
112,14.33059311,16.57962922,16.26853242
113,14.45827103,16.63301483,16.36961397
114,14.6307354,16.72622375,16.52288041
115,14.72843742,16.85917625,16.63126067
116,14.77523136,16.96775281,16.79320213
117,14.84301376,17.03334447,16.88047574
118,14.84846401,17.06785803,16.94977809
119,14.91837788,17.05438238,16.97123503
120,15.00498295,16.99082785,16.90563268
121,15.16011143,17.01190427,16.98192377
122,15.19607735,17.13966147,16.90772924
123,15.13851357,17.19427195,16.99176283
124,15.09364414,17.3938126,17.07289426
125,15.22147655,17.49085332,17.2335569
126,15.44060612,17.56099593,17.32729716
127,15.87770748,17.68321803,17.4490275
128,16.0602951,17.76421088,17.53049197
129,16.10348701,17.81671949,17.53185433
130,16.27482605,17.84253548,17.55577525
131,16.51461029,17.85561848,17.50198297
132,16.64137459,17.70057564,17.62014585
133,16.71190643,17.62161057,17.66087481
134,17.03078079,17.48617823,17.74892057
135,17.2098465,17.4763403,17.86446699
136,17.16339684,17.93143501,17.90172984
137,17.1887455,18.6919812,18.03069753
138,17.1544323,19.10067177,18.16774364
139,17.31003761,19.21857866,18.19393681
140,17.33227921,19.47404274,17.99424247
141,17.44188881,19.87484636,17.69360962
142,17.54498291,19.91509083,17.76697769
143,17.76706505,20.21425045,18.11243958
144,17.94652557,20.51009734,18.3951448
145,18.06842422,20.75712944,18.94446495
146,18.22686386,20.8859025,19.38798342
147,18.45909691,20.9573078,19.29906882
148,18.63014412,21.02799091,18.86728453
149,18.76078606,21.08982194,18.94053072
150,18.90361404,21.08961577,18.79126959
151,19.07318306,21.27186763,18.24427238
152,19.13505745,21.38072414,18.31617756
153,19.26991844,21.6672568,19.04576286
154,19.40358925,21.56353837,19.78332232
155,19.48379326,20.4156636,18.88835294
156,19.56583214,19.49500922,18.04956315
157,19.63715363,18.93252142,18.14420189
158,19.73223305,18.76208821,18.61352346
159,19.83018303,18.80380697,19.95418402
160,19.97262383,18.96972463,21.97864168
161,19.96937943,20.10146263,22.27004755
162,19.97991371,20.46326885,22.6117341
163,19.97517967,19.5607481,22.41115838
164,20.03627205,19.56096284,22.01798222
165,20.05062485,19.79466312,22.44556192
166,19.97268486,20.94451959,22.38219943
167,19.91030312,21.55462049,22.38208424
168,20.01123238,22.15718613,22.45882979
169,19.96081734,22.50433782,22.41801222
170,19.95260239,22.67091018,22.38985232
171,20.06043625,22.9516583,22.21794641
172,20.20393753,22.96909949,22.35314179
173,20.57773781,22.29592046,22.44817671
174,20.38990021,22.30285423,22.51952671
175,20.33462143,22.45276552,22.6724231
176,20.39522362,22.67028636,22.87842357
177,20.57688332,22.1939408,23.00547495
178,21.13147545,22.1259792,22.90220959
179,21.36816025,22.52712008,21.72854593
180,21.42782974,22.38784552,21.77245901
181,21.32458496,23.30629368,22.14886843
182,21.27261353,23.29607145,22.9569579
183,21.87716484,22.28473279,22.57248194
184,22.31071854,23.00957134,22.64079122
185,22.55704117,23.89816956,23.51619661
186,22.2778492,21.2077853,23.80456371
187,22.44036865,20.49719209,23.8924173
188,22.48067284,20.41363714,23.97093205
189,22.47524261,22.98973319,22.75030576
190,22.40889168,23.7375902,21.49228857
191,22.71181488,22.99069009,22.47522348
192,22.89193916,24.68120074,22.64078512
193,23.2401638,24.989971,22.99757589
194,23.30280113,24.72319733,22.22963763
195,23.10123444,23.97936412,21.49757449
196,22.32378197,21.89641561,22.92009457
197,22.66399002,22.96068547,23.94876879
198,22.59337997,24.80187932,23.31846681
199,22.25503922,24.09790779,19.38193831
200,22.11043358,22.77502269,18.77789009
201,21.8008213,22.55429997,18.34455993
202,21.93622208,23.20838301,18.5983076
203,22.13576889,23.7155742,20.5828725
204,22.17817879,22.2131961,20.89781639
205,22.03030396,21.42608168,19.6246569
206,22.25432587,20.450413,18.66471638
207,22.85822868,19.83404188,19.78103602
208,22.43066788,19.93859602,19.6808042
209,22.56417465,20.12871439,19.234248
210,22.76869202,20.25197171,19.89529009
211,22.9326458,20.19393586,19.93851005
212,23.14506531,19.78469665,21.1398675
213,23.24721336,19.47144195,23.30224573
214,23.32652855,21.44956549,23.37256832
215,23.78103256,23.63458712,23.02184569
216,23.62147903,23.96687451,23.39214374
217,23.73555565,22.64450208,24.21468961
218,23.75692749,22.389123,24.34576286
219,24.13442421,22.27360693,23.86372407
220,24.67331505,23.28774254,22.9380494
221,25.35143471,24.56421162,24.1520197
222,25.28416252,24.45083602,23.46451093
223,25.37915611,23.82225116,23.29399361
224,25.5248909,22.67046119,22.94916692
225,25.72641945,21.68196553,19.98935005
226,25.77092934,22.69923027,18.83113661
227,25.76150703,24.35711687,19.34826487
228,25.70843887,23.83061505,20.42124335
229,26.0179882,25.0103932,20.91702497
230,25.65651894,24.86503967,21.35702866
231,25.84803963,24.9473147,21.77441186
232,25.86565971,25.24101112,21.89926527
233,25.90654945,25.37642842,22.30690966
234,25.94247627,25.5279449,22.48182218
235,26.01357841,25.66497571,22.84185766
236,26.1182003,25.58291797,22.99130446
237,26.09031868,25.74075305,23.59874483
238,26.05704117,25.90707242,23.81922147
239,26.05335045,26.00370149,23.07661276
240,25.94452477,26.03469254,21.63786614
241,25.54437447,25.82744697,21.89687698
242,25.24440956,24.27064594,22.45848086
243,25.08565712,23.72673508,23.02240879
244,25.04249954,23.66538142,23.25432846
245,24.95836067,23.67877682,23.2592821
246,24.83893013,23.78319507,23.27117776
247,24.75336838,23.87978106,23.40791151
248,24.7368679,23.91471922,23.56484966
249,24.75224686,23.95312894,23.66998042
250,24.72866249,23.97118384,23.62467278
251,24.72364998,23.95201613,23.61851238
252,24.60809326,23.9869035,23.59322805
253,24.50463867,23.87771989,23.58713396
254,24.52919197,23.53785869,23.43543987
255,24.47268867,23.38619254,23.83966392
256,24.3956852,23.26884973,23.94440031
257,24.33027267,23.183703,23.86298939
258,24.26083755,23.23034647,23.99228255
259,24.24091339,23.30640339,23.92953754
260,24.22049904,23.28659754,23.85407424
261,24.15031624,23.24874565,23.64914171
262,24.12204552,23.13286878,23.43739015
263,24.07754326,23.0573944,22.88079962
264,24.00840378,22.95372643,22.33038249
265,23.81847572,22.94866246,22.2881462
266,23.52605247,23.02017956,22.04367051
267,23.33561516,23.1185289,21.76389277
268,23.2458992,23.24897653,21.66574837
269,23.19860268,23.31889168,21.64381205
270,23.20211792,23.30648506,21.65580247
271,23.20657349,23.25714422,21.6227632
272,23.2157402,23.16139011,21.64276308
273,23.17259407,23.05931569,21.75645588
274,23.12574005,22.90868429,21.8204525
275,23.00046158,22.88949588,21.8216569
276,23.0045433,22.9224599,21.81401941
277,22.87596893,22.89446293,21.80310484
278,22.73934174,22.84817236,21.79105136
279,22.60678673,22.76868787,21.78942134
280,22.42972374,22.72108381,21.75616374
281,22.09288406,22.67909049,21.72724916
282,21.80766487,22.64142125,21.65030682
283,21.65585327,22.58697794,21.6044234
284,21.45864105,22.56877282,21.59802728
285,21.30931664,22.55506772,21.62332642
286,21.17211151,22.53431122,21.62994112
287,20.95910835,22.43405425,21.57537807
288,20.8486805,22.36314967,21.48362849
289,20.8302784,22.28645873,21.40367101
290,20.80867004,22.22163882,21.31118051
291,20.75828743,22.15726093,21.20755352
292,20.74528503,22.11014482,21.1352675
293,20.72063255,22.03230163,21.0763297
294,20.59545135,21.93488682,21.09033392
295,20.48614883,21.81613617,21.14256026
296,20.45157433,21.76862468,21.13252499
297,20.37753487,21.72229236,21.09839765
298,20.07757568,21.61586216,21.10492749
299,20.01105881,21.50382722,21.08785623
300,19.95203781,21.44570396,21.04586707
301,19.88802338,21.41365241,21.020336
302,19.8617115,21.32681216,20.98878138
303,19.86253357,21.21271466,20.93583809
304,19.8612442,21.10147038,20.87423096
305,19.79747772,21.03188206,20.8052192
306,19.81992149,21.01718311,20.74900479
307,19.70899582,21.00183733,20.67045606
308,19.65987587,20.9551039,20.62179287
309,19.72591782,20.89635532,20.59683578
310,19.67829132,20.84942576,20.5814533
311,19.54660606,20.80556272,20.5055805
312,19.50910759,20.74930614,20.3810319
313,19.35167694,20.66851195,20.33145352
314,19.30724907,20.61676619,20.31510438
315,19.2405014,20.53425832,20.27549865
316,19.18137741,20.43587987,20.23760519
317,19.15179253,20.38454253,20.21483948
318,19.11958504,20.32738167,20.19249693
319,19.14329147,20.26396088,20.14399522
320,19.02330017,20.19332305,20.08780253
321,18.94952011,20.1308672,20.03055197
322,18.90419769,20.06637053,19.94396708
323,18.77555466,20.01653742,19.82733966
324,18.68764496,19.96952397,19.71258171
325,18.5928421,19.87741448,19.54369528
326,18.50185013,19.7862857,19.33776373
327,18.41484642,19.71709212,19.14054161
328,18.37197113,19.6413205,19.01098517
329,18.30539322,19.55814951,18.95767304
330,18.2618103,19.50227418,18.87227229
331,18.21076393,19.44580277,18.69890561
332,18.11190414,19.3951097,18.491804
333,17.93097878,19.35528888,18.35569012
334,17.87205124,19.33699258,18.27913777
335,17.50510216,19.3429912,18.23268383
336,17.27926064,19.35239272,18.17521333
337,17.22260666,19.3568087,18.08048286
338,17.1176796,19.35186796,18.03345483
339,17.08003235,19.32798671,18.04006417
340,16.97374916,19.28409956,18.00938942
341,16.80769348,19.22356214,17.9715849
342,16.62299728,19.13393095,17.91347825
343,16.64700699,19.04685666,17.89432851
344,16.61140823,18.98053953,17.89903142
345,16.5727005,18.91133505,17.9017748
346,16.50014305,18.80357265,17.84013359
347,16.22549248,18.65125724,17.74141216
348,16.1099968,18.55537632,17.63548583
349,15.92045975,18.44981647,17.50350365
350,15.74671936,18.36935942,17.42855049
351,15.73010159,18.34695882,17.37916032
352,15.53040791,18.31493471,17.31659076
353,15.77585411,18.21681547,17.26790858
354,15.97870159,18.04287467,17.20222859
355,16.12547112,17.89442898,17.14582
356,15.99993038,17.80549991,17.1205414
357,15.74013042,17.71032445,17.07824136
358,15.74418831,17.6247298,17.04710148
359,15.99117661,17.55317191,17.02514149
360,15.95896816,17.5109312,17.00089183
361,15.95538712,17.45908728,16.96338239
362,15.7960825,17.40928536,16.93129455
363,15.63072872,17.38870979,16.90553326
364,15.56025028,17.35159259,16.8523627
365,15.54457378,17.30687175,16.76943181
